{"cameraMode":{"drawMode":0,"name":"Shaded","section":"Shading Mode"},"sceneLighting":true,"audioPlay":false,"sceneViewState":{"showFog":true,"showMaterialUpdate":false,"showSkybox":true,"showFlares":true,"showImageEffects":true,"showParticleSystems":true},"in2DMode":false,"pivot":{"x":0.3844270706176758,"y":1.0355534553527833,"z":-1.0200996398925782},"rotation":{"x":-0.07150349766016007,"y":0.9150146842002869,"z":-0.1867305487394333,"w":-0.3503805696964264},"size":10.0,"orthographic":false}